{"stats":{"minecraft:mined":{"minecraft:allium":1,"minecraft:grass_block":1,"minecraft:oak_log":1},"minecraft:custom":{"minecraft:time_since_rest":1389,"minecraft:play_one_minute":1389,"minecraft:sprint_one_cm":2791,"minecraft:walk_one_cm":7991,"minecraft:mob_kills":1,"minecraft:drop":8,"minecraft:jump":21,"minecraft:damage_dealt":114,"minecraft:leave_game":1,"minecraft:time_since_death":1389,"minecraft:fall_one_cm":209,"minecraft:fly_one_cm":3626},"minecraft:killed":{"minecraft:cow":1},"minecraft:picked_up":{"minecraft:allium":1,"minecraft:leather":2,"minecraft:beef":6,"minecraft:oak_log":1,"minecraft:dirt":1},"minecraft:used":{"minecraft:oak_log":1,"minecraft:dirt":1,"minecraft:allium":1},"minecraft:dropped":{"minecraft:leather":2,"minecraft:beef":6}},"DataVersion":2586}