{"stats":{"minecraft:mined":{"minecraft:grass":4,"minecraft:grass_block":2},"minecraft:custom":{"minecraft:jump":112,"minecraft:time_since_rest":4396,"minecraft:crouch_one_cm":62,"minecraft:damage_dealt":140,"minecraft:play_one_minute":4396,"minecraft:leave_game":2,"minecraft:sprint_one_cm":8287,"minecraft:damage_taken":50,"minecraft:time_since_death":4396,"minecraft:walk_one_cm":7962,"minecraft:sneak_time":5,"minecraft:drop":1,"minecraft:fall_one_cm":3585,"minecraft:fly_one_cm":18849,"minecraft:horse_one_cm":24546},"minecraft:picked_up":{"minecraft:wheat_seeds":1,"minecraft:dirt":2},"minecraft:used":{"minecraft:dirt":2},"minecraft:dropped":{"minecraft:wheat_seeds":1}},"DataVersion":2586}