{"stats":{"minecraft:mined":{"minecraft:grass":4,"minecraft:grass_block":4,"minecraft:dirt":11},"minecraft:custom":{"minecraft:jump":156,"minecraft:time_since_rest":7398,"minecraft:play_one_minute":7398,"minecraft:damage_dealt":150,"minecraft:crouch_one_cm":62,"minecraft:leave_game":4,"minecraft:sprint_one_cm":12796,"minecraft:damage_taken":50,"minecraft:time_since_death":7398,"minecraft:walk_one_cm":10905,"minecraft:sneak_time":5,"minecraft:drop":1,"minecraft:fall_one_cm":4839,"minecraft:fly_one_cm":23957,"minecraft:horse_one_cm":24546},"minecraft:picked_up":{"minecraft:wheat_seeds":1,"minecraft:dirt":15},"minecraft:used":{"minecraft:dirt":15},"minecraft:dropped":{"minecraft:wheat_seeds":1}},"DataVersion":2586}