{"stats":{"minecraft:mined":{"minecraft:grass":4,"minecraft:grass_block":4,"minecraft:dirt":11},"minecraft:custom":{"minecraft:time_since_rest":66690,"minecraft:crouch_one_cm":62,"minecraft:play_one_minute":66690,"minecraft:sprint_one_cm":19904,"minecraft:damage_taken":80,"minecraft:walk_one_cm":24479,"minecraft:sneak_time":5,"minecraft:mob_kills":2,"minecraft:drop":1,"minecraft:jump":316,"minecraft:damage_dealt":620,"minecraft:leave_game":34,"minecraft:time_since_death":66690,"minecraft:fall_one_cm":5106,"minecraft:fly_one_cm":43466,"minecraft:horse_one_cm":24546},"minecraft:killed":{"minecraft:horse":2},"minecraft:picked_up":{"minecraft:leather":3,"minecraft:wheat_seeds":1,"minecraft:dirt":15},"minecraft:used":{"minecraft:diamond_sword":6,"minecraft:dirt":15,"minecraft:grass_block":4,"minecraft:horse_spawn_egg":2},"minecraft:dropped":{"minecraft:wheat_seeds":1}},"DataVersion":2586}