{"stats":{"minecraft:mined":{"minecraft:grass":4,"minecraft:grass_block":4,"minecraft:dirt":11},"minecraft:custom":{"minecraft:jump":202,"minecraft:time_since_rest":32012,"minecraft:play_one_minute":32012,"minecraft:damage_dealt":160,"minecraft:crouch_one_cm":62,"minecraft:leave_game":15,"minecraft:sprint_one_cm":15526,"minecraft:damage_taken":80,"minecraft:time_since_death":32012,"minecraft:walk_one_cm":15038,"minecraft:sneak_time":5,"minecraft:drop":1,"minecraft:fall_one_cm":5106,"minecraft:fly_one_cm":28546,"minecraft:horse_one_cm":24546},"minecraft:picked_up":{"minecraft:wheat_seeds":1,"minecraft:dirt":15},"minecraft:used":{"minecraft:dirt":15},"minecraft:dropped":{"minecraft:wheat_seeds":1}},"DataVersion":2586}